trial_id,timestamp,robot_x,robot_y,robot_theta,robot_v,robot_omega,energy_cumulative,clearance,obstacle_density,method,environment
sim_PIEC_001,0.03,5.920281022970003e-20,3.6554313138616836e-19,1.9466009697380402e-20,-0.002895972605631286,-0.0002665646483085378,2.3133236890728265e-07,0.0,0.0,PIEC,corridor
sim_PIEC_001,0.079,3.6674949477490675e-19,1.4465444742333057e-18,6.655206045011087e-20,0.0008938742228621526,0.0001772844369673883,3.5382157593822846e-07,0.0,0.0,PIEC,corridor
sim_PIEC_001,0.13,1.16467051556346e-18,4.164318659141046e-18,1.9993723374336743e-19,0.0010704165746432863,0.00011424767606449446,4.295755504744256e-07,0.0,0.0,PIEC,corridor
sim_PIEC_001,0.179,2.320260999988118e-18,6.669450376736916e-18,3.111108471073787e-19,-0.00012406877949214034,0.00022750914998851706,5.049768517348963e-07,6.8482136726379395,0.0,PIEC,corridor
sim_PIEC_001,0.229,4.329447568157206e-14,-1.1237505448264773e-10,-2.1792845672726993e-14,0.000634745245131777,0.00034382942368232623,5.475178078858814e-07,2.4619646072387695,0.0,PIEC,corridor
sim_PIEC_001,0.279,5.807270142001768e-14,-1.3579132961430676e-10,-1.0525181258361979e-13,0.000561580714948338,0.001374185502953024,7.276596707657844e-07,2.4619646072387695,0.0,PIEC,corridor
sim_PIEC_001,0.329,6.790941784139117e-14,-1.7173261619267288e-10,-2.3065802191995186e-13,0.001820498123442521,0.0005524800514233143,8.709067292822183e-07,2.46114444732666,0.0,PIEC,corridor
sim_PIEC_001,0.379,1.0343006794631504e-13,-1.9699643886456146e-10,-3.1524970633264897e-13,-0.00012250404812108015,5.2617919297703866e-05,8.773390916327931e-07,2.46114444732666,0.0,PIEC,corridor
sim_PIEC_001,0.429,1.152456861363344e-13,-2.507389895231572e-10,-4.4464265558559477e-13,0.0006749227061702105,-0.00137236285061592,1.0287216875154856e-06,2.46114444732666,0.0,PIEC,corridor
sim_PIEC_001,0.479,4.683769356457201e-14,-3.010064979645233e-10,-5.346435667889136e-13,0.0013778750798102075,-0.002048738730820729,1.4788808487583995e-06,2.46114444732666,0.0,PIEC,corridor
sim_PIEC_001,0.529,-2.178258551436572e-14,-3.84925799704598e-10,-6.727404633817139e-13,0.00020093301106922579,-0.00146898170283489,1.5400003498925643e-06,2.46114444732666,0.0,PIEC,corridor
sim_PIEC_001,0.579,7.88682292274233e-14,-4.670886290490943e-10,-7.719815556580495e-13,0.0009186841405309637,0.00023109606048505227,1.6637257204130772e-06,2.46114444732666,0.0,PIEC,corridor
sim_PIEC_001,0.629,3.4322626264634847e-13,-6.085939258117975e-10,-9.26390733192251e-13,-0.0015742239919607458,0.0015681890338977952,1.8911576141120404e-06,2.4609532356262207,0.0,PIEC,corridor
sim_PIEC_001,0.679,5.741085863347205e-13,-7.019896037138439e-10,-1.031495680955483e-12,-0.00041294365085787577,0.0004261613054153772,1.921340368442946e-06,2.4609532356262207,0.0,PIEC,corridor
sim_PIEC_001,0.729,1.1565347026976007e-13,-9.240440064264597e-10,-1.1926632290492908e-12,-0.0009209939820349973,-0.0021471432627283155,2.2867989707239393e-06,2.4605791568756104,0.0,PIEC,corridor
sim_PIEC_001,0.779,-4.464850956006856e-12,-1.6817003744711818e-07,-2.1826734901774576e-12,-0.000537536743373438,0.0004857613901517548,2.299184592546308e-06,2.4605791568756104,0.0,PIEC,corridor
sim_PIEC_001,0.829,9.661835221521047e-12,-2.761226891170994e-06,4.418441565720692e-10,0.001942859043030426,0.00014157864616948096,2.4246831706674132e-06,2.4605791568756104,0.0,PIEC,corridor
sim_PIEC_001,0.879,2.10471976242812e-11,-5.673636866202949e-06,8.106031098131011e-10,0.00025597443277439056,-0.0008626939087935822,2.5012951187165297e-06,2.4605791568756104,0.0,PIEC,corridor
sim_PIEC_001,0.929,3.542762804589818e-11,-1.1080004039981458e-05,1.38873818536948e-09,-8.007969675081898e-05,0.0002448878629855472,2.5525810226835165e-06,2.460617780685425,0.0,PIEC,corridor
sim_PIEC_001,0.979,4.3602988800312484e-11,-1.5116436434994644e-05,1.7872214808482555e-09,0.0005544598253987332,0.0008889297811552798,2.7774267884350023e-06,2.460617780685425,0.0,PIEC,corridor
sim_PIEC_001,1.029,5.426094093289653e-11,-2.1548729851823866e-05,2.399770835497809e-09,2.9814526701717972e-05,0.0008667078924710444,2.8266282695104023e-06,2.460315465927124,0.0,PIEC,corridor
sim_PIEC_001,1.079,6.052650501236697e-11,-2.59936793697278e-05,2.815881006142992e-09,0.0011286167004885656,0.0001467016122114953,2.8738067205160427e-06,2.460315465927124,0.0,PIEC,corridor
sim_PIEC_001,1.129,6.910305878789148e-11,-3.291158214504828e-05,3.4594556679717047e-09,0.0007780869269061352,-0.0009916701309489676,2.9959701471866535e-06,2.4601991176605225,0.0,PIEC,corridor
sim_PIEC_001,1.179,7.422472584589725e-11,-3.750409767833618e-05,3.886087903808746e-09,0.0013615993387948104,0.0001299549476136663,3.201216780705903e-06,2.4601991176605225,0.0,PIEC,corridor
sim_PIEC_001,1.229,8.134363441024462e-11,-4.444012711079036e-05,4.531204905647739e-09,-0.00019058482965369702,-0.0010212189174917065,3.274048734238981e-06,2.4601573944091797,0.0,PIEC,corridor
sim_PIEC_001,1.279,8.579527946016953e-11,-4.908306218703303e-05,4.96397664002976e-09,0.0005620235191607629,-0.0020471536694507647,3.4109202288943757e-06,2.4601573944091797,0.0,PIEC,corridor
sim_PIEC_001,1.329,8.704106758098752e-11,-5.605332335745501e-05,5.567559551492306e-09,0.0023673780595673518,0.00031486757870963943,3.575546853229695e-06,2.460069417953491,0.0,PIEC,corridor
sim_PIEC_001,1.379,8.370067825819357e-11,-6.0696348252505477e-05,5.912747704333998e-09,-0.0014616362853319606,0.0001601055863766993,3.654289952956461e-06,2.460069417953491,0.0,PIEC,corridor
sim_PIEC_001,1.429,8.058470246144403e-11,-6.766453685281419e-05,6.41305903917732e-09,-0.0009051375834555632,0.0004164589254317996,3.686695706365684e-06,2.4599688053131104,0.0,PIEC,corridor
sim_PIEC_001,1.479,7.9500629967848e-11,-7.231073964157794e-05,6.7374414253316985e-09,-0.00029190498861236835,0.00023559727370256274,3.7170143441062786e-06,2.4599688053131104,0.0,PIEC,corridor
sim_PIEC_001,1.529,7.900662045310897e-11,-7.927939658782204e-05,7.213568435080335e-09,0.0008243597489900044,-0.00033562644969200315,3.7710768778120107e-06,2.4597644805908203,0.0,PIEC,corridor
sim_PIEC_001,1.579,4.985295545781593e-07,-8.386104840988458e-05,-1.98609061464714e-07,-0.0005425109858282185,-0.00044044255933187117,3.7987055110790497e-06,2.4597644805908203,0.0,PIEC,corridor
sim_PIEC_001,1.629,0.0009424485067788097,-6.259006945977575e-06,-0.00038980287005030775,0.028303920852115475,-0.01304240187112482,3.758172848550293e-05,2.4596774578094482,0.0,PIEC,corridor
sim_PIEC_001,1.679,0.0025681976347788314,0.00014635192488414764,-0.001062687094769731,0.048432050445710695,-0.02034084427046822,0.0001445760496817229,2.4596774578094482,0.0,PIEC,corridor
sim_PIEC_001,1.729,0.006507964899641312,0.0004942316136445243,-0.0026475276317922394,0.07849829221100499,-0.03103952837910286,0.0005287401206357013,2.4596774578094482,0.0,PIEC,corridor
sim_PIEC_001,1.78,0.01014233605171398,0.000781564403504318,-0.004051839879030747,0.09783859677373907,-0.04088432084960306,0.0010125615086097593,2.4587109088897705,0.0,PIEC,corridor
sim_PIEC_001,1.829,0.017080104142734025,0.0013680835839310582,-0.006856955786757291,0.12951616431043503,-0.05044448505854765,0.0021806832593389016,2.4587109088897705,0.0,PIEC,corridor
sim_PIEC_001,1.879,0.022694287546053044,0.001692846342327581,-0.009115765238212458,0.14953826171558593,-0.06000631930007934,0.0033064391074910915,2.4587109088897705,0.0,PIEC,corridor
sim_PIEC_001,1.93,0.032562794909284445,0.0024348029672001943,-0.01299261171539652,0.173247638991397,-0.06545618698712753,0.005590767199673875,2.4586966037750244,0.0,PIEC,corridor
sim_PIEC_001,1.98,0.039215271523999146,0.0030059599414877618,-0.015994680022490625,0.16261492145477757,-0.08238550647778968,0.007129645510403428,2.4586966037750244,0.0,PIEC,corridor
sim_PIEC_001,2.029,0.049199024128617694,0.0036958567451177344,-0.02057122031896261,0.16199433195998245,-0.08705275970563525,0.009448234749400276,2.463780403137207,0.0,PIEC,corridor
sim_PIEC_001,2.079,0.05564277251847943,0.004340063657326258,-0.024109597978510897,0.15464273105217155,-0.09265746424270178,0.010972600734470346,2.471989631652832,0.0,PIEC,corridor
sim_PIEC_001,2.129,0.06481824751434967,0.005409662191212342,-0.030235911165541706,0.15098261666063018,-0.10740039569911386,0.013193784937705396,2.471989631652832,0.0,PIEC,corridor
sim_PIEC_001,2.179,0.0709001304792476,0.006291031731786019,-0.034926922368762804,0.15242497718700873,-0.11571723103490414,0.01477260501354102,2.4864232540130615,0.0,PIEC,corridor
sim_PIEC_001,2.229,0.08002123983685368,0.007660897763075456,-0.04263321046516804,0.15140221791462627,-0.13781779420549334,0.017268386668830255,2.4864232540130615,0.0,PIEC,corridor
sim_PIEC_001,2.279,0.08615252270186577,0.00859976975985435,-0.047985000385704316,0.15037405862521178,-0.13902236811266588,0.01895550809292801,2.4972448348999023,0.0,PIEC,corridor
sim_PIEC_001,2.329,0.09520530898831678,0.00997632222905973,-0.0571348247730961,0.14703100420712062,-0.15745098880435887,0.021675996623215846,2.4972448348999023,0.0,PIEC,corridor
sim_PIEC_001,2.379,0.10119940676068356,0.011160904528897337,-0.06386650072446973,0.14669656774401027,-0.1703959123190861,0.023619019663646955,2.4972448348999023,0.0,PIEC,corridor
sim_PIEC_001,2.429,0.1102662080703607,0.012847191017012195,-0.07410907493690062,0.1479081498565927,-0.17689985230215474,0.02657921237931003,2.511242389678955,0.0,PIEC,corridor
sim_PIEC_001,2.479,0.11631505781291597,0.014011589064788643,-0.08139954657165546,0.147190129667662,-0.1901757313055574,0.02871020561693513,2.511242389678955,0.0,PIEC,corridor
sim_PIEC_001,2.529,0.12555137725411689,0.01558479978778604,-0.09222261317926775,0.15714358108387885,-0.16591875225029135,0.03183311834572209,2.530090808868408,0.0,PIEC,corridor
sim_PIEC_001,2.579,0.1317243213120657,0.01658199287511327,-0.09958621747550499,0.1470413879189457,-0.1913150402174549,0.033995404693811924,2.530090808868408,0.0,PIEC,corridor
sim_PIEC_001,2.629,0.14076165547567185,0.018305527808206795,-0.11157127979470138,0.1470320369028091,-0.20129746960803147,0.037424163559903634,2.542996644973755,0.0,PIEC,corridor
sim_PIEC_001,2.679,0.1467662077733722,0.019378464879956946,-0.11955923210636553,0.14474543550278393,-0.1988693089329906,0.03967464455856723,2.542996644973755,0.0,PIEC,corridor
sim_PIEC_001,2.73,0.15591224371816423,0.020771922056733453,-0.1309512016863008,0.15331170534630387,-0.1743547767466193,0.042888882588271345,2.546243190765381,0.0,PIEC,corridor
sim_PIEC_001,2.779,0.16243122451705,0.021132097672059636,-0.13651617152305998,0.1674595089680437,-0.09224081120978635,0.04473323279036316,2.546243190765381,0.0,PIEC,corridor
sim_PIEC_001,2.829,0.17288638081451194,0.020948114955759923,-0.14279476002151031,0.17831415953526233,-0.08986765891804069,0.04747816684899137,2.56384015083313,0.0,PIEC,corridor
sim_PIEC_001,2.879,0.18003911301025832,0.020630829871986667,-0.14649437694389378,0.18042798609037317,-0.08658942293316088,0.04934492068496031,2.56384015083313,0.0,PIEC,corridor
sim_PIEC_001,2.929,0.19003695220515499,0.020724708992995264,-0.15465649557349556,0.14785404198769883,-0.1890851202269778,0.05227419355294559,2.5711193084716797,0.0,PIEC,corridor
sim_PIEC_001,2.979,0.19609248252431818,0.021360875292628177,-0.16221164510834263,0.14709738328723368,-0.18888495661641982,0.05441811783147603,2.5711193084716797,0.0,PIEC,corridor
sim_PIEC_001,3.029,0.20506589386654686,0.02233665998942853,-0.17379251475388682,0.14566422576921131,-0.19245083925779072,0.057696132670624,2.5692238807678223,0.0,PIEC,corridor
sim_PIEC_001,3.079,0.21105849798629722,0.02288822221371499,-0.18133938464668062,0.14486367126292748,-0.1945795982701399,0.059833919678427265,2.5719666481018066,0.0,PIEC,corridor
sim_PIEC_001,3.129,0.2201508184623337,0.023310698589315042,-0.1918238676754898,0.156492902189659,-0.13928297680416438,0.06284196547082299,2.5719666481018066,0.0,PIEC,corridor
sim_PIEC_001,3.179,0.22646356746212473,0.02332483173958406,-0.19815977285707756,0.14891830123442718,-0.17262672118741995,0.06479965593447179,2.584531545639038,0.0,PIEC,corridor
sim_PIEC_001,3.229,0.23546636999266593,0.023669548304496846,-0.2088811206532848,0.14667957558111333,-0.1801628206200846,0.06784711004563382,2.584531545639038,0.0,PIEC,corridor
sim_PIEC_001,3.279,0.2414310192516538,0.023809552336990027,-0.2161044339506779,0.14176756501342153,-0.18873466759480964,0.06988730477775797,2.6040291786193848,0.0,PIEC,corridor
sim_PIEC_001,3.329,0.25027757719334265,0.02414888326448776,-0.2271659255211532,0.14378943768323815,-0.18316792677581148,0.07295232258988295,2.6040291786193848,0.0,PIEC,corridor
sim_PIEC_001,3.379,0.25618383024071767,0.024244664199200388,-0.2343781386452553,0.14196585441084825,-0.17869039850301804,0.07493392236936001,2.6040291786193848,0.0,PIEC,corridor
sim_PIEC_001,3.429,0.2650738000396997,0.024141814405519,-0.24482606314296027,0.14530165094896083,-0.17484231667839042,0.07783654088201757,2.6086008548736572,0.0,PIEC,corridor
sim_PIEC_001,3.479,0.27093411724237193,0.024052396719397275,-0.25189337234046233,0.13961855520097483,-0.18093414303002364,0.07978613476728807,2.6246087551116943,0.0,PIEC,corridor
sim_PIEC_001,3.529,0.27990963840248767,0.02362495792024732,-0.26161937454904555,0.15232767470389358,-0.15559249798135974,0.08258219585631985,2.6246087551116943,0.0,PIEC,corridor
sim_PIEC_001,3.579,0.28581044684923446,0.023316115547397903,-0.2683307480659533,0.1441346248995977,-0.16895089284803663,0.08446897168109885,2.6246087551116943,0.0,PIEC,corridor
sim_PIEC_001,3.629,0.29448853421152105,0.022945604536927636,-0.27879844401778275,0.14100987691257671,-0.17350057434563493,0.08731302992385223,2.6324567794799805,0.0,PIEC,corridor
sim_PIEC_001,3.679,0.3002781377106608,0.022644857402307803,-0.28567865786628727,0.13985549901910693,-0.1749204516116333,0.08919805635397732,2.6324567794799805,0.0,PIEC,corridor
sim_PIEC_001,3.729,0.30889032285423695,0.02200232357024713,-0.2958724221612087,0.14113453295600986,-0.17175905537284966,0.09199152936263068,2.641582727432251,0.0,PIEC,corridor
sim_PIEC_001,3.779,0.314621590457486,0.021536294942480504,-0.30261897561788736,0.14312047014516807,-0.16557147290457988,0.09384850694321935,2.641582727432251,0.0,PIEC,corridor
sim_PIEC_001,3.829,0.3232069530355037,0.020620851384369445,-0.31246824155459796,0.14339904631208686,-0.1597454100954693,0.09653866896308712,2.651638984680176,0.0,PIEC,corridor
sim_PIEC_001,3.879,0.3289108575914634,0.02000155057388637,-0.31898454469605264,0.13862205346566595,-0.17028514776828446,0.098323211007273,2.651638984680176,0.0,PIEC,corridor
sim_PIEC_001,3.929,0.33754754746900417,0.018867676106900245,-0.32838381688634544,0.15709136568804735,-0.12524203618548274,0.10097706110758403,2.657944917678833,0.0,PIEC,corridor
sim_PIEC_001,3.979,0.34383909503840987,0.0170260978315076,-0.3317079180462173,0.16366349626096538,-0.07083119722037322,0.10257807002961926,2.657944917678833,0.0,PIEC,corridor
sim_PIEC_001,4.029,0.35303859723962233,0.015049451682367047,-0.33899342876515687,0.152275433925164,-0.12975278146607028,0.10508042483145573,2.6685900688171387,0.0,PIEC,corridor
sim_PIEC_001,4.079,0.3591475048544528,0.01370472826125483,-0.343690969016212,0.16084291030328476,-0.09365666989614353,0.10666351579318303,2.6685900688171387,0.0,PIEC,corridor
sim_PIEC_001,4.129,0.36833041242869374,0.01092514708544697,-0.34995112392143873,0.17251178403003084,-0.07562701159627953,0.10913458061125651,2.6746668815612793,0.0,PIEC,corridor
sim_PIEC_001,4.179,0.3749072251528418,0.009123066334673118,-0.3532085397584889,0.16850061310517675,-0.0826514302367738,0.11078004898532626,2.6746668815612793,0.0,PIEC,corridor
sim_PIEC_001,4.229,0.38470311429560977,0.0064652150765588156,-0.35899512338911765,0.1690644828445393,-0.10133272289664812,0.11335999257276508,2.6774489879608154,0.0,PIEC,corridor
sim_PIEC_001,4.279,0.3906952349777432,0.00504459803261765,-0.36476312935292265,0.14447248149183511,-0.1601858909604922,0.11519092126498971,2.6774489879608154,0.0,PIEC,corridor
sim_PIEC_001,4.329,0.39994675129009183,0.002872618280140746,-0.3731514028877864,0.16728991486393027,-0.13122511534798423,0.11795181702156998,2.6806092262268066,0.0,PIEC,corridor
sim_PIEC_001,4.38,0.4064291071735946,0.000926937907144892,-0.37781581141239634,0.18221292385857238,-0.07612801684353826,0.11984159669954764,2.6806092262268066,0.0,PIEC,corridor
sim_PIEC_001,4.429,0.4167253467172279,-0.002551710865388762,-0.3834847953363581,0.1845870677848105,-0.08058235415227871,0.12264275858003496,2.694652557373047,0.0,PIEC,corridor
sim_PIEC_001,4.479,0.42421097999344703,-0.00517195793081991,-0.38622105377833993,0.19882741106343158,-0.06676316895413888,0.12474298548633854,2.694652557373047,0.0,PIEC,corridor
sim_PIEC_001,4.529,0.434631830043483,-0.008862970344344787,-0.3920541955675857,0.18182297037911638,-0.12186076660492783,0.12767438972877346,2.7037887573242188,0.0,PIEC,corridor
sim_PIEC_001,4.579,0.4419175049250647,-0.01132795705642007,-0.396616551160996,0.19484894496647465,-0.11224277048748894,0.12990098794927313,2.7037887573242188,0.0,PIEC,corridor
sim_PIEC_001,4.629,0.45303934294472,-0.015127334404431729,-0.40344753319135046,0.20443147622086202,-0.0921842733417517,0.13337805980511266,2.7152891159057617,0.0,PIEC,corridor
sim_PIEC_001,4.679,0.4613108880078817,-0.018302754550691892,-0.40661171386620526,0.22189721164799533,-0.08149551178943523,0.1360187590142247,2.7152891159057617,0.0,PIEC,corridor
sim_PIEC_001,4.729,0.47326272715490375,-0.022935217842475077,-0.41356391069084414,0.20613225716327369,-0.14173221482334464,0.14013715034900995,2.7152891159057617,0.0,PIEC,corridor
sim_PIEC_001,4.779,0.4814524760087279,-0.025833870748947788,-0.41916810920599284,0.2201815798308394,-0.13418382759616043,0.14311117971855644,2.7303245067596436,0.0,PIEC,corridor
sim_PIEC_001,4.829,0.49395886625767105,-0.030575469179529358,-0.4270272873943703,0.220258325442866,-0.14943580519219682,0.14761078765623042,2.7303245067596436,0.0,PIEC,corridor
sim_PIEC_001,4.879,0.5027624228485857,-0.034055905854956686,-0.4313829305743613,0.24211938253177354,-0.0968757324879319,0.1507903744953513,2.7470297813415527,0.0,PIEC,corridor
sim_PIEC_001,4.929,0.5161094748654321,-0.039713282163017775,-0.43739246342604304,0.23057301354438883,-0.13703668790267598,0.1557153883046775,2.7470297813415527,0.0,PIEC,corridor
sim_PIEC_001,4.979,0.5245658269737041,-0.04314983560450663,-0.44185976584086384,0.2265944493952062,-0.10214454295283415,0.15865959391958678,2.7606041431427,0.0,PIEC,corridor
sim_PIEC_001,5.029,0.5364970469596528,-0.04813369906867781,-0.4485914338103508,0.21334027324292099,-0.11577206848093963,0.16268593779570398,2.7853026390075684,0.0,PIEC,corridor
sim_PIEC_001,5.079,0.5442331700606055,-0.051126865990482995,-0.45386144205450635,0.2016538010591024,-0.13211019779846325,0.16532382087463596,2.7853026390075684,0.0,PIEC,corridor
sim_PIEC_001,5.129,0.5547336110197746,-0.05539589279289563,-0.4620320683744347,0.1838881126439514,-0.14026252837476436,0.1688721936297125,2.8068642616271973,0.0,PIEC,corridor
sim_PIEC_001,5.179,0.5615779464185197,-0.05825210640087435,-0.46697627292193106,0.1906141940107359,-0.10459963117791062,0.171086914618757,2.8068642616271973,0.0,PIEC,corridor
sim_PIEC_001,5.229,0.5715956611129541,-0.06252884926294491,-0.4749005733469405,0.17898119873478993,-0.1426315245345768,0.17438528979617413,2.830725908279419,0.0,PIEC,corridor
sim_PIEC_001,5.279,0.5785512105449304,-0.06580062536173199,-0.4785430619246693,0.19818693620570774,-0.09267533550880347,0.17649002067566533,2.830725908279419,0.0,PIEC,corridor
sim_PIEC_001,5.329,0.5892365627355695,-0.07081978761757418,-0.485538455168549,0.2057340842652458,-0.0858358104149604,0.18007067090901532,2.830725908279419,0.0,PIEC,corridor
sim_PIEC_001,5.379,0.5963526564554021,-0.0743370513802717,-0.4904445020787848,0.19906230962296975,-0.10315128687313883,0.18248862454652057,2.843461513519287,0.0,PIEC,corridor
sim_PIEC_001,5.429,0.6069059559217823,-0.0794973256829186,-0.49757457710070835,0.1861834186586132,-0.14411867333964565,0.18597946671583537,2.843461513519287,0.0,PIEC,corridor
sim_PIEC_001,5.479,0.6136379160944847,-0.08275823596922742,-0.5029522507696539,0.1885439552916461,-0.1311629746950731,0.188243235515608,2.8619418144226074,0.0,PIEC,corridor
sim_PIEC_001,5.529,0.6242133976152522,-0.08796587469494127,-0.5096044014516373,0.2007540487692515,-0.1039418087385687,0.19175064066602657,2.8830435276031494,0.0,PIEC,corridor
sim_PIEC_001,5.579,0.6311184200864688,-0.09127187417040397,-0.5145717847482404,0.1956456927228564,-0.11046931964811585,0.19402802839795613,2.8830435276031494,0.0,PIEC,corridor
sim_PIEC_001,5.629,0.6418666627178767,-0.09700197540692646,-0.5210088750638552,0.19589980708229143,-0.1332171145261137,0.19767120244826747,2.8830435276031494,0.0,PIEC,corridor
sim_PIEC_001,5.679,0.6488705136698121,-0.10080784739294205,-0.5256449644051625,0.19873854422157977,-0.11752038990603045,0.20007285178024456,2.89607834815979,0.0,PIEC,corridor
sim_PIEC_001,5.729,0.6593890762450706,-0.10622420691468758,-0.5328255797190485,0.2025096726242607,-0.10635315170864904,0.2036194334156165,2.9126620292663574,0.0,PIEC,corridor
sim_PIEC_001,5.779,0.666468453416674,-0.11004593679804323,-0.5370741526568329,0.1986716931230056,-0.10737230773002247,0.20596492890056764,2.9126620292663574,0.0,PIEC,corridor
sim_PIEC_001,5.829,0.6772698871055853,-0.11609351532753628,-0.542909747401464,0.20736534816083982,-0.09550270101142738,0.20959297143292754,2.937016487121582,0.0,PIEC,corridor
sim_PIEC_001,5.879,0.6844256201218183,-0.12012160868730531,-0.547172650410422,0.19756354039043603,-0.10765757675907228,0.21199740881075974,2.937016487121582,0.0,PIEC,corridor
sim_PIEC_001,5.929,0.6949099893669087,-0.1260877103412498,-0.5541910909204725,0.20721779549151317,-0.10485245138653837,0.21563118747106017,2.951941728591919,0.0,PIEC,corridor
sim_PIEC_001,5.979,0.7021521339551434,-0.13024114911231835,-0.557820458295593,0.20602404596489265,-0.0914180574978043,0.21802772810636875,2.951941728591919,0.0,PIEC,corridor
sim_PIEC_001,6.029,0.7128098067352742,-0.13648184734110974,-0.5630907413474309,0.2035029658953012,-0.08953201903836898,0.22149806892303378,2.9639947414398193,0.0,PIEC,corridor
sim_PIEC_001,6.079,0.7196629967171164,-0.14048381423208958,-0.5672288052243024,0.20560032312385834,-0.10202911645891562,0.2238386867663238,2.9639947414398193,0.0,PIEC,corridor
sim_PIEC_001,6.129,0.7303060097538129,-0.14694705571139194,-0.5729282239117042,0.20172173113564998,-0.09051221297909363,0.22744370326465801,2.986185073852539,0.0,PIEC,corridor
sim_PIEC_001,6.179,0.7373562625149768,-0.15127127482000657,-0.576771644224823,0.2097508535584964,-0.09934208452270692,0.22989325252491682,2.986185073852539,0.0,PIEC,corridor
sim_PIEC_001,6.229,0.7487820226148477,-0.15841914947397423,-0.5817769505077862,0.22522586949924311,-0.08054421049669715,0.2339941471309722,3.003537654876709,0.0,PIEC,corridor
sim_PIEC_001,6.279,0.7564104147548846,-0.16334481144900406,-0.5850917341361512,0.22188168149594073,-0.08927784010223605,0.2367691998712946,3.003537654876709,0.0,PIEC,corridor
sim_PIEC_001,6.329,0.7679550786946454,-0.17076138552316814,-0.5908851110642176,0.23355309844112085,-0.09261062833075648,0.24110256505433328,3.0276010036468506,0.0,PIEC,corridor
sim_PIEC_001,6.379,0.7759537533349692,-0.17587548873709785,-0.5946554909172039,0.24129462480681316,-0.09360492449608171,0.2441964757828818,3.0276010036468506,0.0,PIEC,corridor
sim_PIEC_001,6.429,0.7881172263840416,-0.18379221987547098,-0.6011440266962095,0.24342182463573223,-0.1288436188475662,0.24913578725124433,3.0455870628356934,0.0,PIEC,corridor
sim_PIEC_001,6.479,0.7963124451396631,-0.18921449734858198,-0.605523721093644,0.24463303475921297,-0.12136160813285105,0.25249763570253203,3.0455870628356934,0.0,PIEC,corridor
sim_PIEC_001,6.529,0.8088296036305027,-0.19760203389739905,-0.6116244349172394,0.2511790353173585,-0.09700059013296553,0.25768538771367966,3.0644259452819824,0.0,PIEC,corridor
sim_PIEC_001,6.579,0.8169890132068063,-0.20310945586352852,-0.6159138052090013,0.24753838276724055,-0.10512715829008758,0.261062482143447,3.0644259452819824,0.0,PIEC,corridor
sim_PIEC_001,6.629,0.8292882902878685,-0.2115678498744867,-0.6223302997553839,0.24215955608708617,-0.11732949631183749,0.2661703985268528,3.0832035541534424,0.0,PIEC,corridor
sim_PIEC_001,6.679,0.8369520386132207,-0.21682670106712204,-0.6268235073258834,0.23215149510909439,-0.10145261199206507,0.26922371326109745,3.0832035541534424,0.0,PIEC,corridor
sim_PIEC_001,6.731,0.8483667324781292,-0.22473377102782088,-0.6333974845639512,0.2351146557144079,-0.10489022496628252,0.2737867230679209,3.100144624710083,0.0,PIEC,corridor
sim_PIEC_001,6.779,0.8558378539116772,-0.22996699301834303,-0.6379599659316125,0.2278243064781047,-0.118181260502894,0.2767935815743743,3.100144624710083,0.0,PIEC,corridor
sim_PIEC_001,6.829,0.8669237645013838,-0.237908914287374,-0.644786998084581,0.22763624989766948,-0.119516857817965,0.28124602777748736,3.132383108139038,0.0,PIEC,corridor
sim_PIEC_001,6.879,0.8744296330820611,-0.24340406903790235,-0.6492970863833697,0.23005756143137357,-0.11197141134284218,0.28429505260401094,3.132383108139038,0.0,PIEC,corridor
sim_PIEC_001,6.929,0.8856000256053438,-0.2515724495281293,-0.6567412876363606,0.23061154814199522,-0.11487809971785785,0.28895638576985044,3.1622536182403564,0.0,PIEC,corridor
sim_PIEC_001,6.979,0.8932435003271578,-0.25746752344360796,-0.6613934788673688,0.24221781214698224,-0.11035642368639013,0.29226138366663806,3.1622536182403564,0.0,PIEC,corridor
sim_PIEC_001,7.029,0.9047879229414842,-0.2662350945899484,-0.6684000317575021,0.23724178427355863,-0.12497004652705343,0.29719801490561715,3.185051918029785,0.0,PIEC,corridor
sim_PIEC_001,7.079,0.91251441818771,-0.27229239466390764,-0.6732474968537173,0.25125572724868644,-0.11027515471012728,0.3006825913630253,3.185051918029785,0.0,PIEC,corridor
sim_PIEC_001,7.129,0.9244513753990512,-0.2817284708586938,-0.6803539178772188,0.2549352921186305,-0.11167025778666441,0.3061598667906605,3.205124616622925,0.0,PIEC,corridor
sim_PIEC_001,7.179,0.9323870795236662,-0.28805148267230307,-0.685020191047861,0.2501480406011364,-0.12056987688104254,0.30975340466382,3.205124616622925,0.0,PIEC,corridor
sim_PIEC_001,7.229,0.9442452192615871,-0.2976921204117079,-0.6920184888795142,0.2573885493811625,-0.11608893841374365,0.31529926527052254,3.224191427230835,0.0,PIEC,corridor
sim_PIEC_001,7.279,0.9520877056266358,-0.30414031261747976,-0.6967695373927497,0.2512459070221294,-0.12410902193030103,0.3189604556793724,3.224191427230835,0.0,PIEC,corridor
sim_PIEC_001,7.329,0.9639207372856711,-0.3139861308941049,-0.7037666355595804,0.2581355600535288,-0.10998111483339515,0.3245223221801442,3.2584729194641113,0.0,PIEC,corridor
sim_PIEC_001,7.379,0.9717764419113735,-0.32063611666314495,-0.7084612931780839,0.2537412724682613,-0.12366044631142062,0.3282105684942773,3.2584729194641113,0.0,PIEC,corridor
sim_PIEC_001,7.429,0.9837926631401093,-0.33092377155595976,-0.7154658293714076,0.26910878205165406,-0.11753158950430587,0.3340879188538417,3.2844598293304443,0.0,PIEC,corridor
sim_PIEC_001,7.479,0.9918971150210967,-0.33800006759237766,-0.7200875779912871,0.26951257190101624,-0.11605619997246672,0.33809816308676066,3.2844598293304443,0.0,PIEC,corridor
sim_PIEC_001,7.529,1.0038917743018596,-0.3485436969699894,-0.726980782751863,0.2624337330991894,-0.12274927076107267,0.34398599997942386,3.3024775981903076,0.0,PIEC,corridor
sim_PIEC_001,7.579,1.0117983371290413,-0.35557178594970296,-0.7315090347370852,0.2627004613437046,-0.11093793664939196,0.34785447771570044,3.3024775981903076,0.0,PIEC,corridor
sim_PIEC_001,7.629,1.0237784333177795,-0.3664036350013513,-0.7383855847800062,0.2760257826703728,-0.11312081547463654,0.35391928815759555,3.3267219066619873,0.0,PIEC,corridor
sim_PIEC_001,7.679,1.0318488425742134,-0.3737523024363612,-0.7429523624578241,0.27245068642858583,-0.11250426745924892,0.35804274834197475,3.3267219066619873,0.0,PIEC,corridor
sim_PIEC_001,7.729,1.0438474267076894,-0.3849111091868534,-0.7497052365748831,0.27268351810681996,-0.11477199628572235,0.36419969388195367,3.350200891494751,0.0,PIEC,corridor
sim_PIEC_001,7.779,1.0517691360942727,-0.3923005866332238,-0.7541260424864563,0.26963625604838765,-0.10957281066010031,0.3682130467767466,3.350200891494751,0.0,PIEC,corridor
sim_PIEC_001,7.829,1.0637549603660705,-0.4035229265020676,-0.7606605700845828,0.27236637477471093,-0.11245748703555628,0.3743607730626823,3.386990785598755,0.0,PIEC,corridor
sim_PIEC_001,7.879,1.0716613523983134,-0.41105901684243706,-0.7650200593007698,0.27192861271591506,-0.11047078027386165,0.3784580103086419,3.386990785598755,0.0,PIEC,corridor
sim_PIEC_001,7.929,1.0835987164821221,-0.4225189237687526,-0.7715661591770469,0.27874506723166487,-0.11038656594115971,0.38472569522019806,3.413701295852661,0.0,PIEC,corridor
sim_PIEC_001,7.979,1.0915658759135523,-0.4303000072438038,-0.7759167473972437,0.279889745120642,-0.10930510856556552,0.38901712005436273,3.413701295852661,0.0,PIEC,corridor
sim_PIEC_001,8.029,1.1034679596878074,-0.44202899653512423,-0.7824306219549402,0.2760739571544216,-0.10831500905224664,0.39530991798729764,3.4334828853607178,0.0,PIEC,corridor
sim_PIEC_001,8.079,1.1110156412135594,-0.4495337842789046,-0.7868018179180913,0.2580745718966005,-0.10815903922889923,0.39916846098856207,3.4334828853607178,0.0,PIEC,corridor
sim_PIEC_001,8.129,1.121982269959308,-0.46053790588437,-0.7933577362945403,0.2570226821428508,-0.11005680745851765,0.4047361997124138,3.4572417736053467,0.0,PIEC,corridor
sim_PIEC_001,8.179,1.1289582760419872,-0.4674924030166299,-0.7977982163679861,0.24171440135945996,-0.11023126332767208,0.4080610792231395,3.4572417736053467,0.0,PIEC,corridor
sim_PIEC_001,8.229,1.1389986092526507,-0.47780229303266264,-0.8044723136233954,0.23726225199491333,-0.11104230803466912,0.41291825640178903,3.4731523990631104,0.0,PIEC,corridor
sim_PIEC_001,8.279,1.1454358438384764,-0.4844719397582087,-0.80895803119529,0.23063344510542474,-0.11425510257592059,0.4159795113416298,3.4731523990631104,0.0,PIEC,corridor
sim_PIEC_001,8.329,1.1550593131326548,-0.49451671377599205,-0.8157687173246677,0.23131467713377837,-0.11551843077541112,0.4205980851338805,3.4556455612182617,0.0,PIEC,corridor
sim_PIEC_001,8.379,1.161441271346628,-0.501341349240844,-0.8203022382804092,0.23822794426448052,-0.11311917237678062,0.42372360796151043,3.4556455612182617,0.0,PIEC,corridor
sim_PIEC_001,8.429,1.1715128758683866,-0.5121109180305201,-0.8271583762579817,0.24344898701685436,-0.11147209704298067,0.42886151434185593,3.431442975997925,0.0,PIEC,corridor
sim_PIEC_001,8.479,1.178280572848466,-0.5194062465457215,-0.831717816112749,0.2515157579257049,-0.1158468559176838,0.4323676800219386,3.431442975997925,0.0,PIEC,corridor
sim_PIEC_001,8.529,1.1888638147462292,-0.5309147400543692,-0.8386844113406958,0.2595405869747488,-0.1107019096375063,0.4380684514763817,3.41090726852417,0.0,PIEC,corridor
sim_PIEC_001,8.579,1.1958789771866492,-0.5386831267780097,-0.8433087387379197,0.26370240789948135,-0.11492482217308309,0.4419266182685113,3.41090726852417,0.0,PIEC,corridor
sim_PIEC_001,8.629,1.206694603548606,-0.5510133153517807,-0.8502156968700719,0.27761506247881773,-0.11511881167463306,0.4482072075334539,3.388824224472046,0.0,PIEC,corridor
sim_PIEC_001,8.679,1.2138970140894476,-0.5592671735358633,-0.8548525111052186,0.2717098914057996,-0.11557808745747536,0.4523502484794087,3.388824224472046,0.0,PIEC,corridor
sim_PIEC_001,8.729,1.224838624470541,-0.5720473986477674,-0.8618644568749774,0.2903088816510001,-0.11158584284037093,0.4589428227098811,3.367447853088379,0.0,PIEC,corridor
sim_PIEC_001,8.779,1.232391270362335,-0.5807800227345836,-0.8667077375249842,0.2912489481919623,-0.11866497020775651,0.4636403267374941,3.367447853088379,0.0,PIEC,corridor
sim_PIEC_001,8.829,1.243726143734915,-0.5941906877232069,-0.8736845377074098,0.2970739739160769,-0.12204779073240447,0.4706764464828781,3.350177764892578,0.0,PIEC,corridor
sim_PIEC_001,8.879,1.2514901281483346,-0.6034954470122905,-0.8783979784098228,0.30253760116375156,-0.1130603529376205,0.4757079035425504,3.350177764892578,0.0,PIEC,corridor
sim_PIEC_001,8.929,1.263110506205728,-0.617662297505352,-0.8852770423021388,0.31187414373497047,-0.12107042662184977,0.48335993628858337,3.330256938934326,0.0,PIEC,corridor
sim_PIEC_001,8.979,1.2710392837487507,-0.6274724364799303,-0.8897065713497919,0.31360237799188906,-0.11323761905924819,0.4886961490167869,3.330256938934326,0.0,PIEC,corridor
sim_PIEC_001,9.029,1.2828147326047754,-0.6422730890106126,-0.8961308874597289,0.31668069094346135,-0.11056792715633658,0.4966978904585048,3.306805372238159,0.0,PIEC,corridor
sim_PIEC_001,9.079,1.2909796119219445,-0.6525428155646771,-0.9003816973633043,0.33010094729825257,-0.10281868805169463,0.5024496364836364,3.306805372238159,0.0,PIEC,corridor
sim_PIEC_001,9.129,1.303077808555566,-0.6680079281767205,-0.9066887920346375,0.3339385129526929,-0.09766459579860615,0.5110298334608926,3.283937454223633,0.0,PIEC,corridor
sim_PIEC_001,9.179,1.3112169956765087,-0.6783815469839812,-0.9111300144215195,0.3288616288686736,-0.1141308807926645,0.5168467162977485,3.283937454223633,0.0,PIEC,corridor
sim_PIEC_001,9.229,1.3231748695182548,-0.6940142003721056,-0.9176338563862994,0.32614856265942105,-0.12033709546519185,0.5253821937250811,3.265500068664551,0.0,PIEC,corridor
sim_PIEC_001,9.279,1.3312236633767829,-0.7045369682991588,-0.9221984306303963,0.338556858665521,-0.11852537099921961,0.531322167248304,3.265500068664551,0.0,PIEC,corridor
sim_PIEC_001,9.329,1.3434915928394748,-0.720784657634579,-0.9284433943334265,0.3428015695162167,-0.10121174088383146,0.5403696576942082,3.2457971572875977,0.0,PIEC,corridor
sim_PIEC_001,9.379,1.3557617579700936,-0.7370565063417692,-0.9349719475648142,0.34147014029261236,-0.11042824746658363,0.5495897968505499,3.2457971572875977,0.0,PIEC,corridor
sim_PIEC_001,9.429,1.3639682343827861,-0.7479494258984581,-0.939262714297883,0.34129607817230084,-0.10033962175800418,0.5557855540190881,3.220324993133545,0.0,PIEC,corridor
sim_PIEC_001,9.479,1.3721016015895902,-0.7588993208941089,-0.943622657302657,0.3408902962311173,-0.10871598531400042,0.5619713738770996,3.220324993133545,0.0,PIEC,corridor
sim_PIEC_001,9.529,1.384275347430469,-0.7753959545527879,-0.9500410975361065,0.3438800828230129,-0.10574110972476461,0.5711657879290615,3.1980650424957275,0.0,PIEC,corridor
sim_PIEC_001,9.579,1.3923053591224777,-0.786475266908628,-0.9543718580828459,0.33892115134173545,-0.10182048737486062,0.5773244617701752,3.1980650424957275,0.0,PIEC,corridor
sim_PIEC_001,9.629,1.404289908692943,-0.8034710045231366,-0.9606791055083997,0.34923712019246606,-0.10535009385869783,0.586898137474483,3.171558141708374,0.0,PIEC,corridor
sim_PIEC_001,9.679,1.4126536802806862,-0.8151074713470616,-0.9646337954113909,0.357477255984094,-0.09278536013940662,0.5936043085348353,3.171558141708374,0.0,PIEC,corridor
sim_PIEC_001,9.729,1.4247773127477585,-0.8323542520816247,-0.9708089103759128,0.351379901069,-0.10560767900038891,0.6033693920007834,3.1483187675476074,0.0,PIEC,corridor
sim_PIEC_001,9.779,1.432860465262947,-0.843994333235003,-0.9747703057097805,0.3544609387843705,-0.09216740510187521,0.6099380729648558,3.1483187675476074,0.0,PIEC,corridor
sim_PIEC_001,9.829,1.4448370307413294,-0.8611663489591008,-0.9813178248285811,0.34004354413745835,-0.12053631344099602,0.6196087109251113,3.1269640922546387,0.0,PIEC,corridor
sim_PIEC_001,9.879,1.4525552323876032,-0.8721558142969432,-0.9860463929536379,0.3390267433065661,-0.10973741137464005,0.6256469925341664,3.103611946105957,0.0,PIEC,corridor
sim_PIEC_001,9.929,1.463519727734666,-0.889051666595871,-0.9921081916550811,0.3294731589510232,-0.12508104481704552,0.634552771803564,3.103611946105957,0.0,PIEC,corridor
sim_PIEC_001,9.979,1.4707070637709534,-0.8995599443987362,-0.9968140716954721,0.31190519454188825,-0.11423156729735165,0.6399271412074305,3.103611946105957,0.0,PIEC,corridor
sim_PIEC_001,10.03,1.4811690346260997,-0.9152159014577239,-1.003543988602853,0.3112675186398764,-0.10256117827157198,0.6478779842772975,3.081355571746826,0.0,PIEC,corridor
sim_PIEC_001,10.079,1.4877114558223272,-0.9256750693636867,-1.0071712068824252,0.3107953205244142,-0.0781312167464407,0.6528729653322933,3.081355571746826,0.0,PIEC,corridor
sim_PIEC_001,10.129,1.4974968406471172,-0.9415092806336257,-1.0124411033051317,0.30307960580733506,-0.10560817171317008,0.6603994785052264,3.0590717792510986,0.0,PIEC,corridor
sim_PIEC_001,10.179,1.5041464838264706,-0.9522600105830247,-1.0160420133265422,0.31712282623609134,-0.10002441619695493,0.6657203771277632,3.0590717792510986,0.0,PIEC,corridor
sim_PIEC_001,10.229,1.5141340168856066,-0.9688858947702857,-1.0205434390114008,0.3244933303403602,-0.07553875169301255,0.6738007421053318,3.037919044494629,0.0,PIEC,corridor
sim_PIEC_001,10.279,1.5208871229073089,-0.9801830361827015,-1.0239223677598215,0.3333102838868615,-0.08751664187171931,0.6794516823724298,3.037919044494629,0.0,PIEC,corridor
sim_PIEC_001,10.329,1.5313798284651385,-0.9973416512265275,-1.0287039509981695,0.3322754150188056,-0.08542642885221188,0.6882908443831374,3.0165441036224365,0.0,PIEC,corridor
sim_PIEC_001,10.379,1.5384518914132315,-1.0091550916511207,-1.0317786205365702,0.3466071288701281,-0.07956067658125315,0.6944145201590084,3.0165441036224365,0.0,PIEC,corridor
sim_PIEC_001,10.429,1.5492526474822859,-1.0270514638951165,-1.036461120770969,0.34910227979128056,-0.07373673239016468,0.7037372208545696,2.9964072704315186,0.0,PIEC,corridor
sim_PIEC_001,10.479,1.5564001481996155,-1.0389684182341983,-1.039806859660752,0.3517902326926747,-0.08397960708135696,0.7100370063983212,2.9964072704315186,0.0,PIEC,corridor
sim_PIEC_001,10.529,1.567155367484118,-1.0575292238622782,-1.0443619763217966,0.36081553258063603,-0.06309088486352986,0.7198997165935686,2.977968215942383,0.0,PIEC,corridor
sim_PIEC_001,10.579,1.5743357896368904,-1.070000187471255,-1.0472106548811382,0.36144341747118586,-0.07257043847817138,0.7266015242922591,2.977968215942383,0.0,PIEC,corridor
sim_PIEC_001,10.629,1.585258990880521,-1.0887406516727345,-1.0509830577031252,0.35946461776003774,-0.06154488894878709,0.7365530700829942,2.960557222366333,0.0,PIEC,corridor
sim_PIEC_001,10.679,1.5923815941395754,-1.1012649733971263,-1.053682884722279,0.3545155969603552,-0.07967301378575463,0.7431103242193495,2.960557222366333,0.0,PIEC,corridor
sim_PIEC_001,10.729,1.6032098379533872,-1.1198577806594505,-1.0579755090542742,0.35920279392657156,-0.07178508425933314,0.7530081973346702,2.9405221939086914,0.0,PIEC,corridor
sim_PIEC_001,10.779,1.6103744050195539,-1.132238799131926,-1.060911807002159,0.3575745155304622,-0.07009468549196056,0.7596015078889291,2.9405221939086914,0.0,PIEC,corridor
sim_PIEC_001,10.829,1.620674085243268,-1.1507682171445779,-1.0651276603210384,0.3487080240802027,-0.07268227865667068,0.7691246571440071,2.9219448566436768,0.0,PIEC,corridor
sim_PIEC_001,10.879,1.6275110260902468,-1.163144682181279,-1.067954462536408,0.353520776715619,-0.07666345629767925,0.7754937846200152,2.9219448566436768,0.0,PIEC,corridor
sim_PIEC_001,10.929,1.6378582412772311,-1.1815799283243615,-1.0725929400351988,0.3479096211707035,-0.08328887204820523,0.7850031593527949,2.9034056663513184,0.0,PIEC,corridor
sim_PIEC_001,10.979,1.6446420118854301,-1.1939287223429689,-1.0754485516865708,0.35151360975905177,-0.06580137031515426,0.7913385430559302,2.9034056663513184,0.0,PIEC,corridor
sim_PIEC_001,11.029,1.6546490436598642,-1.2125351783584544,-1.0796433990349865,0.3502905249190048,-0.07367030664660497,0.800971428678566,2.885228395462036,0.0,PIEC,corridor
sim_PIEC_001,11.079,1.6614619256380503,-1.2249416899362386,-1.0823941649977113,0.35611278877950253,-0.055561328474703776,0.8073942970665848,2.885228395462036,0.0,PIEC,corridor
sim_PIEC_001,11.129,1.6713539604593965,-1.2436086571546254,-1.0867677224132126,0.3472677488855465,-0.07899468734744061,0.8167858160290185,2.8676347732543945,0.0,PIEC,corridor
sim_PIEC_001,11.179,1.677869728949845,-1.2560725023703316,-1.089502235515677,0.3481810963349456,-0.07953363511817384,0.8231109147129264,2.8676347732543945,0.0,PIEC,corridor
sim_PIEC_001,11.229,1.6874125742211825,-1.2749861178200845,-1.0932228201407543,0.3508201112414453,-0.0693375239424902,0.8326123676948602,2.850597620010376,0.0,PIEC,corridor
sim_PIEC_001,11.279,1.69403711341313,-1.2872579967401248,-1.0967233562601177,0.35012164111554295,-0.08983950238979468,0.8389595772954187,2.850597620010376,0.0,PIEC,corridor
sim_PIEC_001,11.329,1.7038440702659252,-1.3059979696782698,-1.1009747575888318,0.35130893107388167,-0.0824120561789311,0.8485034785997352,2.834141969680786,0.0,PIEC,corridor
sim_PIEC_001,11.379,1.7102769704147118,-1.3183948575583575,-1.1038520780266186,0.3519387516233881,-0.05568820241721562,0.854785386555715,2.834141969680786,0.0,PIEC,corridor
sim_PIEC_001,11.429,1.7198227362595535,-1.3370262305330152,-1.1080623469063249,0.3516442243442271,-0.06717980619999483,0.8640641342711892,2.818138837814331,0.0,PIEC,corridor
sim_PIEC_001,11.479,1.7260526646337446,-1.3494948012146208,-1.1108456081978975,0.34649879333326083,-0.07121143961913383,0.8702422645305267,2.818138837814331,0.0,PIEC,corridor
sim_PIEC_001,11.529,1.7354358758655257,-1.368224739285081,-1.1149845561359577,0.34741380120251886,-0.0763196046072944,0.8796398825484643,2.80175518989563,0.0,PIEC,corridor
sim_PIEC_001,11.579,1.7415124772017243,-1.3808702846949403,-1.11689190418523,0.3512675384795593,-0.04760668355415298,0.8858419990510034,2.80175518989563,0.0,PIEC,corridor
sim_PIEC_001,11.629,1.7507295781202523,-1.3994854340437162,-1.1208495532702556,0.3521112020968926,-0.03989706690649031,0.8950724454424439,2.785635232925415,0.0,PIEC,corridor
sim_PIEC_001,11.679,1.7566436241320225,-1.4117786263301932,-1.1236069344972401,0.33696601658021563,-0.06132525808287475,0.9009938570314145,2.785635232925415,0.0,PIEC,corridor
sim_PIEC_001,11.729,1.7655236974067345,-1.430191389419632,-1.1272909482770017,0.3442112030501098,-0.06336335048636892,0.9099964671924221,2.7696750164031982,0.0,PIEC,corridor
sim_PIEC_001,11.779,1.7715300348789138,-1.4423203403902316,-1.1299347468688534,0.336626546844272,-0.07309741697544495,0.9158535529957808,2.7696750164031982,0.0,PIEC,corridor
sim_PIEC_001,11.829,1.7800758288694944,-1.4597265762425062,-1.1341183890740694,0.31609151571894173,-0.06554024141815022,0.9237611923297043,2.753905773162842,0.0,PIEC,corridor
sim_PIEC_001,11.879,1.7855453488572854,-1.471394752710241,-1.1360784806473407,0.3232535126592468,-0.058139668443487384,0.9290839536871963,2.753905773162842,0.0,PIEC,corridor
sim_PIEC_001,11.929,1.7939595415332303,-1.4893993179194254,-1.1394619453282717,0.32970089440032546,-0.050091665799555075,0.9374165245294319,2.738163471221924,0.0,PIEC,corridor
sim_PIEC_001,11.979,1.7994530229687768,-1.5014964925183427,-1.1413688878116575,0.3295467855176567,-0.04566728229135191,0.9429497201815477,2.738163471221924,0.0,PIEC,corridor
sim_PIEC_001,12.029,1.8079352052479207,-1.5198114965890246,-1.144380359624727,0.34420810332818524,-0.05771157648500306,0.9516434989602782,2.7226028442382812,0.0,PIEC,corridor
sim_PIEC_001,12.079,1.8137813603576718,-1.532321193570804,-1.1464948309637986,0.3463217910780791,-0.0446452358857476,0.95761916230012,2.7226028442382812,0.0,PIEC,corridor
sim_PIEC_001,12.129,1.8220674457963422,-1.5510643897366185,-1.148863975263175,0.3357879192226771,-0.02979062208709327,0.9664180456441743,2.7082979679107666,0.0,PIEC,corridor
sim_PIEC_001,12.179,1.8273211142603991,-1.56301100720564,-1.1505993633943983,0.3250127624500721,-0.04909947049055702,0.9717990658402321,2.7082979679107666,0.0,PIEC,corridor
sim_PIEC_001,12.229,1.8353024924273356,-1.5808164373214098,-1.1533324419876891,0.3252788230300792,-0.03368204315940487,0.9796616518819908,2.6952853202819824,0.0,PIEC,corridor
sim_PIEC_001,12.279,1.840747047250221,-1.5928918876025597,-1.1550565699740791,0.33368831756144546,-0.05039109869764425,0.9852192395144347,2.6952853202819824,0.0,PIEC,corridor
sim_PIEC_001,12.329,1.8489331585015853,-1.611247015912815,-1.1577351397542406,0.33530924732558876,-0.04965071783029465,0.9937547955850572,2.6811254024505615,0.0,PIEC,corridor
sim_PIEC_001,12.379,1.854518920230394,-1.6234468789159586,-1.1598608100637267,0.33478188849057844,-0.05098687190442744,0.9994450535692612,2.6811254024505615,0.0,PIEC,corridor
sim_PIEC_001,12.429,1.8626884186336883,-1.6417485443724824,-1.1629286683558364,0.34236167139136564,-0.0515946723184294,1.007957580022734,2.6686336994171143,0.0,PIEC,corridor
sim_PIEC_001,12.479,1.8680597122359686,-1.654347508724662,-1.1648398137622402,0.3413714283043282,-0.05131040927183666,1.0138477979299818,2.6686336994171143,0.0,PIEC,corridor
sim_PIEC_001,12.529,1.8763901495778887,-1.673994411060908,-1.1676740171601245,0.35657973434497525,-0.03835421275875934,1.0235346278436614,2.6561098098754883,0.0,PIEC,corridor
sim_PIEC_001,12.579,1.8821690480284976,-1.6874344911257704,-1.1696656927240383,0.37404699716036777,-0.04139432532256331,1.0303832439612,2.6561098098754883,0.0,PIEC,corridor
sim_PIEC_001,12.629,1.8909404667897425,-1.7080789198595134,-1.1728784026650494,0.37934500359950846,-0.05689690948235751,1.0410071739042488,2.6453890800476074,0.0,PIEC,corridor
sim_PIEC_001,12.679,1.8970819063809452,-1.7221879164380591,-1.1751865869096727,0.38111192932013926,-0.043848394209378756,1.0484417859022108,2.6453890800476074,0.0,PIEC,corridor
sim_PIEC_001,12.73,1.9060557986115785,-1.7438076696334817,-1.1782056348175192,0.38333294813469004,-0.06140439464105329,1.059858764128659,2.6355574131011963,0.0,PIEC,corridor
sim_PIEC_001,12.779,1.9119682719514597,-1.7582769950855255,-1.1802371435335446,0.3867028010330296,-0.0623490622500625,1.0674869999094816,2.6355574131011963,0.0,PIEC,corridor
sim_PIEC_001,12.83,1.920916384181019,-1.7800543809829175,-1.1836177449749856,0.39438893951891085,-0.0548492168548925,1.0792038963086057,2.6355574131011963,0.0,PIEC,corridor
sim_PIEC_001,12.879,1.9269354814870334,-1.7945933507279213,-1.1855110619709808,0.39114372722599516,-0.051241910741450306,1.0870101229412032,2.6250133514404297,0.0,PIEC,corridor
sim_PIEC_001,12.929,1.9359158368401403,-1.8162277456180433,-1.1890702892948808,0.39026569952773554,-0.05571783763822019,1.098475550629541,2.6173510551452637,0.0,PIEC,corridor
sim_PIEC_001,12.979,1.9417759175080662,-1.8310576460548178,-1.1906189656116473,0.39811977975348634,-0.03832393436007403,1.1064027040684261,2.605558156967163,0.0,PIEC,corridor
sim_PIEC_001,13.029,1.950378019811101,-1.8528130758808055,-1.1936802789069356,0.3900759230883751,-0.04708685761715053,1.117860511628297,2.605558156967163,0.0,PIEC,corridor
sim_PIEC_001,13.079,1.956241710759896,-1.867508316523326,-1.195459578856946,0.397326872218376,-0.033896856509890695,1.1257501912496062,2.5975539684295654,0.0,PIEC,corridor
sim_PIEC_001,13.129,1.9647656374396794,-1.8894258687518297,-1.1981800340430755,0.39234910774885845,-0.0435945532279433,1.1373326844397573,2.5975539684295654,0.0,PIEC,corridor
sim_PIEC_001,13.179,1.970470107586806,-1.904178260526395,-1.199415315138989,0.39989374833735536,-0.03104314838049111,1.145393707246552,2.5899810791015625,0.0,PIEC,corridor
sim_PIEC_001,13.229,1.9789450979461052,-1.9262708849660202,-1.2014007824886161,0.39330858346962794,-0.039350523531940663,1.1571261685798082,2.5899810791015625,0.0,PIEC,corridor
sim_PIEC_001,13.279,1.984640081973424,-1.94094797181757,-1.2029371502384618,0.3901812857502948,-0.043583056076125025,1.16479031159578,2.5786516666412354,0.0,PIEC,corridor
sim_PIEC_001,13.329,1.9931302573388616,-1.9628960015304084,-1.2051392805388939,0.3965761859784475,-0.03299582072574199,1.1764354440419031,2.5786516666412354,0.0,PIEC,corridor
sim_PIEC_001,13.379,1.9986911974803458,-1.9776517150755621,-1.206480357168737,0.39482644843977366,-0.033214179953449066,1.184286857911796,2.571911096572876,0.0,PIEC,corridor
sim_PIEC_001,13.429,2.007058486719652,-1.999861049383587,-1.2083820184004113,0.39315665583229426,-0.03802709349183371,1.1960443075275868,2.571911096572876,0.0,PIEC,corridor
sim_PIEC_001,13.479,2.0125603153776828,-2.014697343554701,-1.209712015046128,0.39673892110888903,-0.028668707825301416,1.2039527787881188,2.571911096572876,0.0,PIEC,corridor
sim_PIEC_001,13.529,2.020950881472499,-2.036813600058979,-1.2119018151209104,0.39601285697009636,-0.04244764971907574,1.215651617695473,2.5593338012695312,0.0,PIEC,corridor
sim_PIEC_001,13.579,2.0264810389519967,-2.0516804936654665,-1.2130593877009255,0.3948394281789844,-0.029681600419885996,1.2234345884397169,2.5593338012695312,0.0,PIEC,corridor
sim_PIEC_001,13.629,2.034845469767028,-2.0739102258250455,-1.2147228132859667,0.3848583028528205,-0.020466916307454914,1.2349631537305363,2.554931640625,0.0,PIEC,corridor
sim_PIEC_001,13.679,2.04046674295499,-2.088864125509919,-1.2159565696600014,0.3976958891592764,-0.0343778370720732,1.2428666556092012,2.545222520828247,0.0,PIEC,corridor
sim_PIEC_001,13.729,2.0484691471120007,-2.1103169463592097,-1.218268345978195,0.3730294048571817,-0.04994866826159028,1.2537039190875192,2.545222520828247,0.0,PIEC,corridor
sim_PIEC_001,13.779,2.0538472984112137,-2.124802014068265,-1.2202521742594388,0.38942332995394413,-0.04921942277367864,1.2613188588973216,2.545222520828247,0.0,PIEC,corridor
sim_PIEC_001,13.829,2.0620058768618237,-2.1471059458459356,-1.2229371505186029,0.401451243907687,-0.04583739569313018,1.2732250789782835,2.5448849201202393,0.0,PIEC,corridor
sim_PIEC_001,13.879,2.0674580852972935,-2.1621851011781223,-1.224753027243428,0.40104625696209173,-0.04501972076710103,1.2812333528093596,2.5392560958862305,0.0,PIEC,corridor
sim_PIEC_001,13.929,2.0756667710335788,-2.1847683857211617,-1.2273989755713128,0.401457253280236,-0.046226894226347695,1.2934308809484698,2.5392560958862305,0.0,PIEC,corridor
sim_PIEC_001,13.979,2.0809086998362742,-2.1996536997511935,-1.2287083220653192,0.3897498093834784,-0.02974917174692833,1.3011997668686306,2.538048028945923,0.0,PIEC,corridor
sim_PIEC_001,14.029,2.0887623855559427,-2.2209343083199964,-1.2322948889241068,0.3762001407740214,-0.05558382230348349,1.311992725596536,2.538048028945923,0.0,PIEC,corridor
sim_PIEC_001,14.079,2.093851456080267,-2.235083385641113,-1.2345314484854824,0.3775786886240718,-0.06447549610553927,1.3192010974342336,2.538048028945923,0.0,PIEC,corridor
sim_PIEC_001,14.129,2.1015637431417504,-2.2565753514728506,-1.2378614351919488,0.3797603164841914,-0.05540230009621077,1.3300453813686197,2.538408041000366,0.0,PIEC,corridor
sim_PIEC_001,14.179,2.106612969207029,-2.2707644669004132,-1.2397188929408076,0.376756934119741,-0.0514815198484365,1.3371596677533275,2.538408041000366,0.0,PIEC,corridor
sim_PIEC_001,14.229,2.113873453633077,-2.2916716532229175,-1.242651611097995,0.3585102741815069,-0.04257748863332451,1.3474142010020123,2.5159122943878174,0.0,PIEC,corridor
sim_PIEC_001,14.279,2.1184644640207626,-2.3052389844043835,-1.2441698984534766,0.3557028996034736,-0.042702150320718786,1.3539070748562374,2.4942800998687744,0.0,PIEC,corridor
sim_PIEC_001,14.329,2.1253318148389617,-2.3254475015895975,-1.2469132128201654,0.3547105812938121,-0.05264183046071738,1.3635422773114951,2.4942800998687744,0.0,PIEC,corridor
sim_PIEC_001,14.379,2.129731559157358,-2.3385873879855903,-1.2485070917479248,0.3451887072915969,-0.051968831599408793,1.369591820590348,2.467031955718994,0.0,PIEC,corridor
sim_PIEC_001,14.429,2.136185760670621,-2.3580825618984163,-1.2509023095819456,0.3366974449696829,-0.04422128271202678,1.3784344024449746,2.467031955718994,0.0,PIEC,corridor
sim_PIEC_001,14.479,2.140483490888425,-2.370916293101924,-1.252494112927134,0.34167129073649116,-0.0287859652623951,1.38429918097895,2.4497313499450684,0.0,PIEC,corridor
sim_PIEC_001,14.529,2.1466752338964943,-2.390305444212213,-1.254451297939618,0.341135186396057,-0.03131875343299709,1.3929765281794484,2.4497313499450684,0.0,PIEC,corridor
sim_PIEC_001,14.579,2.1508381428446004,-2.4029191296040917,-1.2558934248534015,0.32937243056497223,-0.04453600998573067,1.3985290033204447,2.4497313499450684,0.0,PIEC,corridor
sim_PIEC_001,14.629,2.1568960630246914,-2.421476534010457,-1.2578512053944793,0.32272393282325507,-0.02234974850586844,1.4064546375728295,2.430328607559204,0.0,PIEC,corridor
sim_PIEC_001,14.679,2.160790578290354,-2.4337117490894236,-1.2590635079129522,0.3240930051815435,-0.02109356735370524,1.4116489444772384,2.430328607559204,0.0,PIEC,corridor
sim_PIEC_001,14.729,2.166760063941852,-2.452273877713642,-1.2608727982790269,0.32555008256232004,-0.026680335444698097,1.4195645287080947,2.4111926555633545,0.0,PIEC,corridor
sim_PIEC_001,14.779,2.1706871640725462,-2.464244094015228,-1.2620807680070738,0.31195865942472767,-0.031204486970177445,1.4245116948453413,2.4111926555633545,0.0,PIEC,corridor
sim_PIEC_001,14.829,2.176178825587455,-2.481717164129484,-1.2640730304174188,0.3019688766274534,-0.03543026784766111,1.431547246330747,2.4111926555633545,0.0,PIEC,corridor
sim_PIEC_001,14.879,2.179902045086674,-2.493213006210866,-1.2652980862534184,0.3001238861933232,-0.032644423338972293,1.4360820688106857,2.3890368938446045,0.0,PIEC,corridor
sim_PIEC_001,14.929,2.1854048728698863,-2.5102057102194233,-1.2671538637044313,0.29779402546357897,-0.03076477902746002,1.4427416497115224,2.3890368938446045,0.0,PIEC,corridor
sim_PIEC_001,14.979,2.188875980660645,-2.5216122143567166,-1.2682760867146854,0.30146521866032117,-0.022846764868240506,1.4472246233671275,2.370572566986084,0.0,PIEC,corridor
sim_PIEC_001,15.029,2.1941837718950254,-2.538481448725724,-1.2700604675265246,0.2899768728435594,-0.02281250182795307,1.4538162214840562,2.370572566986084,0.0,PIEC,corridor
sim_PIEC_001,15.079,2.1975507882726997,-2.5495198926853972,-1.271070442920304,0.288395624993358,-0.03876627801603722,1.4580460041554453,2.370572566986084,0.0,PIEC,corridor
sim_PIEC_001,15.129,2.202843534048202,-2.5662073108621293,-1.2731133030501756,0.2905117810688214,-0.04753611502714002,1.4645648366083504,2.3524725437164307,0.0,PIEC,corridor
sim_PIEC_001,15.179,2.2065036721419906,-2.5770021431564163,-1.274878406860795,0.2836973599382676,-0.04459484194466597,1.4686523746908082,2.3371384143829346,0.0,PIEC,corridor
sim_PIEC_001,15.229,2.2114644178396037,-2.593088854400594,-1.276688822427647,0.2780507509014154,-0.022151750757018324,1.4746291755963619,2.3371384143829346,0.0,PIEC,corridor
sim_PIEC_001,15.279,2.2145195764620094,-2.603612102954994,-1.2779630624788194,0.28012939421091687,-0.01710096467648779,1.4784843883051058,2.3371384143829346,0.0,PIEC,corridor
sim_PIEC_001,15.329,2.219338079882313,-2.6194447467296507,-1.280024618925061,0.2755347725285477,-0.047893850327931774,1.484244467267259,2.3371384143829346,0.0,PIEC,corridor
sim_PIEC_001,15.379,2.2225168787586007,-2.629632155270247,-1.2816126703564903,0.26426701495574634,-0.027198128866707357,1.4878175799721005,2.315061569213867,0.0,PIEC,corridor
sim_PIEC_001,15.429,2.227286399677911,-2.644397699928827,-1.2846860446727872,0.25134342171879287,-0.05242566772029501,1.4928961542517099,2.3029026985168457,0.0,PIEC,corridor
sim_PIEC_001,15.48,2.2301173591308436,-2.653829355413637,-1.2863314851650625,0.24646009398415847,-0.04243521195413319,1.4959760735445806,2.3029026985168457,0.0,PIEC,corridor
sim_PIEC_001,15.53,2.2343986441869967,-2.668645960294868,-1.2883304245686389,0.26011380266352674,-0.029807469279825895,1.5010793846433623,2.2905290126800537,0.0,PIEC,corridor
sim_PIEC_001,15.58,2.238721791877132,-2.6835703349845432,-1.2903342526539312,0.24971779859057489,-0.035442699206889194,1.5061313732324129,2.2905290126800537,0.0,PIEC,corridor
sim_PIEC_001,15.629,2.2415003135051887,-2.693326230914698,-1.2915618015190504,0.24565540580934767,-0.04625459839715234,1.5093612422900133,2.2790939807891846,0.0,PIEC,corridor
sim_PIEC_001,15.679,2.244330295822054,-2.70275445743555,-1.2934452711256832,0.24410078130647037,-0.05980786551651128,1.5124450643924365,2.2790939807891846,0.0,PIEC,corridor
sim_PIEC_001,15.729,2.248757687228792,-2.716929712301861,-1.2965098561570854,0.25014395642544873,-0.0432693155396351,1.5171360659728297,2.271113395690918,0.0,PIEC,corridor
sim_PIEC_001,15.779,2.2513839112964718,-2.726321722483646,-1.2978681274639412,0.24075607549091974,-0.032179141053621324,1.5200587249698712,2.271113395690918,0.0,PIEC,corridor
sim_PIEC_001,15.829,2.255450489745996,-2.7398558046050874,-1.300691056210045,0.23157910963300454,-0.05369431332600674,1.5243228119228958,2.261969566345215,0.0,PIEC,corridor
sim_PIEC_001,15.879,2.258099184320331,-2.7487138504604873,-1.3024135762292013,0.23232576620206763,-0.050373606595274484,1.5270827835048155,2.261969566345215,0.0,PIEC,corridor
sim_PIEC_001,15.929,2.261878917790296,-2.7623890439844327,-1.3045416737407014,0.23699712512795004,-0.03271862838393908,1.531370943339476,2.251587390899658,0.0,PIEC,corridor
sim_PIEC_001,15.979,2.2643611970633253,-2.771303728331373,-1.3059675785407383,0.22815067774439307,-0.043575475402054496,1.5340380763341277,2.251587390899658,0.0,PIEC,corridor
sim_PIEC_001,16.029,2.268158501332355,-2.784170030205671,-1.3088222644018856,0.22167588892828072,-0.033572792350325766,1.5378856288961507,2.2439839839935303,0.0,PIEC,corridor
sim_PIEC_001,16.079,2.270386958863729,-2.7927860780508134,-1.3097692637105585,0.21889955439222333,-0.031340240457915836,1.5403294696894896,2.2439839839935303,0.0,PIEC,corridor
sim_PIEC_001,16.129,2.273867997265953,-2.8048250708197506,-1.312189152053718,0.21179166521788856,-0.030449624664029874,1.543667309784059,2.234158992767334,0.0,PIEC,corridor
sim_PIEC_001,16.179,2.2761937844421176,-2.8128353620590723,-1.3140217413731414,0.20732770489367247,-0.05060962713350453,1.5459078713284486,2.234158992767334,0.0,PIEC,corridor
sim_PIEC_001,16.229,2.2796322289459092,-2.82474929278946,-1.3167627674616715,0.2044003721116386,-0.04924314700732658,1.5492272351587115,2.2266976833343506,0.0,PIEC,corridor
sim_PIEC_001,16.279,2.2819393139081723,-2.8326056207007015,-1.3187605646557605,0.20519812747169938,-0.050507404927861224,1.5514019000572579,2.2190120220184326,0.0,PIEC,corridor
sim_PIEC_001,16.329,2.2852156020422294,-2.844668623843164,-1.3208390912823296,0.20977282858462573,-0.023064051634298723,1.5547469979268156,2.2190120220184326,0.0,PIEC,corridor
sim_PIEC_001,16.379,2.2872297397874846,-2.8524802701430856,-1.32198244359637,0.2023897244865493,-0.025367828317774826,1.5568158096273497,2.212416887283325,0.0,PIEC,corridor
sim_PIEC_001,16.429,2.290246212410086,-2.8638148657687386,-1.3241600439932208,0.19392460275987103,-0.03511541887982143,1.5597442673977493,2.212416887283325,0.0,PIEC,corridor
sim_PIEC_001,16.479,2.2922286811457235,-2.8712668180808136,-1.3255584416939108,0.19329780514344244,-0.02636110603502703,1.5616347055895055,2.205988645553589,0.0,PIEC,corridor
sim_PIEC_001,16.529,2.2952087505445236,-2.8825749164360572,-1.3275840358929831,0.1919825987135503,-0.04116906425250839,1.564518160986109,2.205988645553589,0.0,PIEC,corridor
sim_PIEC_001,16.579,2.29712979168239,-2.889873055237238,-1.3289767369962953,0.18808397506263025,-0.024458780327710646,1.5663256300662562,2.205988645553589,0.0,PIEC,corridor
sim_PIEC_001,16.629,2.299845600732154,-2.9008393342197953,-1.3303392631493154,0.1885979873037577,-0.013517577800030933,1.569024101728484,2.1995322704315186,0.0,PIEC,corridor
sim_PIEC_001,16.679,2.30169507343527,-2.907925997035022,-1.33168514649701,0.18398600056624367,-0.038523714158176285,1.5707088061430305,2.1995322704315186,0.0,PIEC,corridor
sim_PIEC_001,16.729,2.3045658536444567,-2.9185144276980717,-1.3339357925369248,0.1844601433079361,-0.013082908749313402,1.5732681645233564,2.1935577392578125,0.0,PIEC,corridor
sim_PIEC_001,16.779,2.3062627715165402,-2.925561658324471,-1.3346980433384505,0.17827248682869964,-0.017700809057732324,1.5748857071651168,2.1935577392578125,0.0,PIEC,corridor
sim_PIEC_001,16.829,2.3087123143819874,-2.9360763955044433,-1.3356946580688047,0.17829221557828467,-0.02284598606828899,1.5772993519773084,2.1880853176116943,0.0,PIEC,corridor
sim_PIEC_001,16.879,2.3104590517984134,-2.9428788409150317,-1.3369009448338933,0.1735477679710915,-0.02954768483390513,1.5788384386208012,2.1880853176116943,0.0,PIEC,corridor
sim_PIEC_001,16.929,2.3131602430973413,-2.952841705405176,-1.3393203007811814,0.1704177194820344,-0.0450910934297463,1.5811073103317816,2.1831090450286865,0.0,PIEC,corridor
sim_PIEC_001,16.979,2.31500381119065,-2.9592909702042314,-1.340991616853058,0.1647239083042458,-0.044195997732434655,1.5825420434658946,2.1784451007843018,0.0,PIEC,corridor
sim_PIEC_001,17.029,2.317422300935026,-2.9689477432819418,-1.3429678247483698,0.16317526113774625,-0.04052439802013147,1.5846193998728613,2.1784451007843018,0.0,PIEC,corridor
sim_PIEC_001,17.079,2.318942966522941,-2.9754463267293745,-1.3439199226986298,0.16749991968945407,-0.02499804943347058,1.5860158682353647,2.1738760471343994,0.0,PIEC,corridor
sim_PIEC_001,17.129,2.321211150455192,-2.985234684108556,-1.3455680190310257,0.16887435404161374,-0.01737899762936893,1.5881655890214474,2.1738760471343994,0.0,PIEC,corridor
sim_PIEC_001,17.179,2.3226415920835577,-2.991642838035438,-1.346390211096769,0.16359674285448858,-0.021231855106315815,1.5895024265992928,2.169426918029785,0.0,PIEC,corridor
sim_PIEC_001,17.229,2.3247993410639705,-3.0010277320841108,-1.347696274273477,0.15556037071821927,-0.03216529334061576,1.59145308209124,2.169426918029785,0.0,PIEC,corridor
sim_PIEC_001,17.279,2.326361840741421,-3.007079928517998,-1.3489982791517998,0.16093129346130997,-0.021853094429962847,1.5927349631064192,2.169426918029785,0.0,PIEC,corridor
sim_PIEC_001,17.331,2.328503332807322,-3.016417396537101,-1.3505034975456613,0.1621691009519438,-0.019752387913344906,1.5946923258163757,2.1652729511260986,0.0,PIEC,corridor
sim_PIEC_001,17.379,2.329906725877731,-3.02264942234607,-1.351355354911666,0.15800703926223292,-0.02999483889266304,1.5959744106869398,2.1652729511260986,0.0,PIEC,corridor
sim_PIEC_001,17.429,2.3322147032771072,-3.031656288589431,-1.3536704672081974,0.1520600149440031,-0.04247925330851336,1.597840176595859,2.161165952682495,0.0,PIEC,corridor
sim_PIEC_001,17.479,2.3337590090747895,-3.037650321099464,-1.3552108840198795,0.15367190133811728,-0.027670992809137096,1.599055739056251,2.161165952682495,0.0,PIEC,corridor
sim_PIEC_001,17.529,2.3362982963258436,-3.0465485449502534,-1.3580974912626407,0.15673771063311678,-0.04915124750363197,1.600940608044524,2.157280206680298,0.0,PIEC,corridor
sim_PIEC_001,17.579,2.337973114993751,-3.052481789449905,-1.3600080328399153,0.15293033298113998,-0.04990054903958273,1.6021848491147883,2.157280206680298,0.0,PIEC,corridor
sim_PIEC_001,17.629,2.3402996733919967,-3.061507538224364,-1.36236111860997,0.15401659121812486,-0.04680561993228644,1.6040588692896325,2.153514862060547,0.0,PIEC,corridor
sim_PIEC_001,17.679,2.341645737564168,-3.0676727158107484,-1.3635050247885805,0.1581606501477571,-0.023717437306208188,1.6053294798428432,2.153514862060547,0.0,PIEC,corridor
sim_PIEC_001,17.729,2.3440553431147553,-3.0765861921824493,-1.3665359677965745,0.15510211924108153,-0.05279610205920623,1.6072307214296424,2.150024890899658,0.0,PIEC,corridor
sim_PIEC_001,17.779,2.345684441091452,-3.082556441034626,-1.36848058665273,0.1557802502852336,-0.03812703701680651,1.6084891148114595,2.1462695598602295,0.0,PIEC,corridor
sim_PIEC_001,17.829,2.347852392367218,-3.0917122853710715,-1.3705980249212482,0.1528768344520067,-0.050880933161263076,1.6103649234867654,2.1462695598602295,0.0,PIEC,corridor
sim_PIEC_001,17.879,2.3494571783199985,-3.0976937128106337,-1.3726081756758908,0.15497692882613306,-0.05429689459862258,1.6116511739472785,2.142561197280884,0.0,PIEC,corridor
sim_PIEC_001,17.929,2.351790638167128,-3.106704510327187,-1.3756262370578711,0.1539788176347478,-0.051829854875901755,1.613535793240421,2.142561197280884,0.0,PIEC,corridor
sim_PIEC_001,17.979,2.3532192301553163,-3.112827413767873,-1.3771916707785818,0.15345992662833416,-0.05127079890976598,1.6148125919979912,2.142561197280884,0.0,PIEC,corridor
sim_PIEC_001,18.029,2.355492901100312,-3.1214427008760985,-1.380235382943562,0.13833269329608153,-0.04438086970383558,1.6165308246575312,2.1385631561279297,0.0,PIEC,corridor
sim_PIEC_001,18.079,2.356723989331795,-3.1263693553920207,-1.3816537235985349,0.12156587354390487,-0.015919190723687696,1.6173451802551277,2.13511323928833,0.0,PIEC,corridor
sim_PIEC_001,18.129,2.3581039192413473,-3.1322994105401873,-1.3831030949440715,0.08586416794348525,-0.029389269290275112,1.6181104063094753,2.13511323928833,0.0,PIEC,corridor
sim_PIEC_001,18.179,2.358862994366015,-3.1351448078370887,-1.3840764294335812,0.06342580663991988,-0.020145706317762028,1.6183646413517436,2.13511323928833,0.0,PIEC,corridor
sim_PIEC_001,18.229,2.359536065801626,-3.137965975446541,-1.3847874199491514,0.034460339538436434,-0.008823523194915722,1.6185339085740396,2.1315784454345703,0.0,PIEC,corridor
sim_PIEC_001,18.279,2.359720451100035,-3.1388421321270212,-1.3849002674895674,0.01552229156216504,-0.00015936096394300798,1.6185543419277029,2.1282577514648438,0.0,PIEC,corridor
sim_PIEC_001,18.329,2.359746612500564,-3.138978979339994,-1.3849015102033186,0.0005285490268942362,-0.0005884534727589088,1.6185549624619993,2.1282577514648438,0.0,PIEC,corridor
sim_PIEC_001,18.379,2.359746612500564,-3.138978979339994,-1.3849015102033186,-0.0013564545444917154,0.00029859339394007706,1.6185551052779412,2.1256930828094482,0.0,PIEC,corridor
sim_PIEC_001,18.429,2.3597466076015206,-3.138978872003994,-1.3849015102050966,-0.0001898132244943467,-0.0004023876363486566,1.6185551453567764,2.1256930828094482,0.0,PIEC,corridor
sim_PIEC_001,18.479,2.3597466076015206,-3.138978872003994,-1.3849015102050966,0.0004263803084727482,0.0003214301171380659,1.6185551831027651,2.1256930828094482,0.0,PIEC,corridor
sim_PIEC_001,18.529,2.3597469175338306,-3.138978736890638,-1.3849015102205229,-2.993921360197163e-05,0.0002869456614793667,1.6185551885543084,2.123853921890259,0.0,PIEC,corridor
sim_PIEC_001,18.579,2.359746738086401,-3.138978726289732,-1.38490151021708,0.0011675411089481149,-0.001214305821539503,1.618555279234286,2.123853921890259,0.0,PIEC,corridor
sim_PIEC_001,18.629,2.359746738086401,-3.138978726289732,-1.38490151021708,0.0002413883394113408,-0.001064783536703427,1.6185553253706624,2.1225411891937256,0.0,PIEC,corridor
sim_PIEC_001,18.679,2.359746639888398,-3.1389788140946795,-1.3849015102204008,-0.0010616886406559015,4.571809322086878e-05,1.6185554065855063,2.1225411891937256,0.0,PIEC,corridor
sim_PIEC_001,18.729,2.3597466447028497,-3.1389791904069457,-1.3849015102820341,-0.00040755397253068175,-0.00029677640193177286,1.618555468812413,2.121835231781006,0.0,PIEC,corridor
sim_PIEC_001,18.779,2.3597466447028497,-3.1389791904069457,-1.3849015102820341,-0.0006795160014535426,-0.0006687330954037239,1.6185554900455605,2.121835231781006,0.0,PIEC,corridor
sim_PIEC_001,18.829,2.3597465791482963,-3.1389789176567024,-1.3849015102754987,0.001163136927962953,-0.0010714723458639679,1.6185555792333919,2.1217262744903564,0.0,PIEC,corridor
sim_PIEC_001,18.879,2.3597465791482963,-3.1389789176567024,-1.3849015102754987,0.0017311538908034178,0.0012791903164932471,1.6185556829690466,2.1217262744903564,0.0,PIEC,corridor
sim_PIEC_001,18.929,2.3597465791482963,-3.1389789176567024,-1.3849015102754987,-0.00033466432419421643,-0.0013047595024524917,1.618555806736862,2.1215975284576416,0.0,PIEC,corridor
sim_PIEC_001,18.979,2.3597470539610037,-3.1389787121781514,-1.3849015102867468,0.00023875257182928667,0.0002971354879250173,1.6185558264752329,2.1215975284576416,0.0,PIEC,corridor
sim_PIEC_001,19.029,2.3597467866159136,-3.1389787207767044,-1.3849015102872806,-0.0011611625163345993,0.0006172472690590875,1.6185559456531,2.121926784515381,0.0,PIEC,corridor
sim_PIEC_001,19.079,2.3597467866159136,-3.1389787207767044,-1.3849015102872806,0.0014720756483757504,0.0002215995623149731,1.6185560182562495,2.1221601963043213,0.0,PIEC,corridor
sim_PIEC_001,19.129,2.3597466898890107,-3.138978786093051,-1.384901510290229,0.00038274164114439276,-0.0006170084440042521,1.6185561027292235,2.1221601963043213,0.0,PIEC,corridor
sim_PIEC_001,19.179,2.3597466898890107,-3.138978786093051,-1.384901510290229,0.0006731650818849326,-0.0013413936191724732,1.618556231466864,2.1221601963043213,0.0,PIEC,corridor
sim_PIEC_001,19.229,2.359746669755194,-3.1389793349735027,-1.3849015103535838,-0.0010146058092654555,0.0010621946852661102,1.618556288912315,2.122027635574341,0.0,PIEC,corridor
sim_PIEC_001,19.279,2.3597466505863567,-3.1389791791141777,-1.3849015103459401,-0.00018992954203696084,-0.0004830231370646436,1.6185563144478885,2.122027635574341,0.0,PIEC,corridor
sim_PIEC_001,19.329,2.359746549191093,-3.1389785710441704,-1.3849015102636704,0.0009212080428375077,-0.001151442427878698,1.618556401045896,2.122140645980835,0.0,PIEC,corridor
sim_PIEC_001,19.379,2.359746570456102,-3.1389786624945986,-1.3849015102639235,-0.0019808619430675906,7.627145772664015e-05,1.6185566501388184,2.122140645980835,0.0,PIEC,corridor
sim_PIEC_001,19.429,2.359746570456102,-3.1389786624945986,-1.3849015102639235,0.0007540010687816692,-0.0009410466727521673,1.6185567006379862,2.1221630573272705,0.0,PIEC,corridor
sim_PIEC_001,19.479,2.3597465915694014,-3.1389787527633173,-1.3849015102640998,-3.707244697857547e-05,0.00041274601232848477,1.6185567421970772,2.1221630573272705,0.0,PIEC,corridor
sim_PIEC_001,19.529,2.3597465915694014,-3.1389787527633173,-1.3849015102640998,-0.0012231907723179063,-0.0018946964421899983,1.6185569423533956,2.1220602989196777,0.0,PIEC,corridor
sim_PIEC_001,19.579,2.3597465915694014,-3.1389787527633173,-1.3849015102640998,0.0012023475310789,-0.001557202039982205,1.6185570523631556,2.1220602989196777,0.0,PIEC,corridor
sim_PIEC_001,19.629,2.359747092039734,-3.138978722495122,-1.3849015102749522,-0.00023873811295517183,-0.0002476611223304695,1.6185571026929497,2.122180700302124,0.0,PIEC,corridor
sim_PIEC_001,19.679,2.3597469503651163,-3.138978716517505,-1.3849015102734605,-3.375223987992806e-05,0.0013398863442642397,1.618557159488575,2.122180700302124,0.0,PIEC,corridor
sim_PIEC_001,19.729,2.3597468267447863,-3.138978759010013,-1.3849015102752624,0.00074600925043694,-0.0004942829559404215,1.6185572467490608,2.1223537921905518,0.0,PIEC,corridor
sim_PIEC_001,19.779,2.359746666317109,-3.1389787435700485,-1.3849015102729023,0.00183496058876872,-0.0012322515780742753,1.6185573965653963,2.122114896774292,0.0,PIEC,corridor
sim_PIEC_001,19.829,2.359746666317109,-3.1389787435700485,-1.3849015102729023,-0.0008830653585477525,0.0008881438713562919,1.618557569351585,2.122114896774292,0.0,PIEC,corridor
sim_PIEC_001,19.879,2.3597467201546602,-3.1389793500727414,-1.3849015103451452,0.00012275929878580502,-0.0006371230727617197,1.6185576771576884,2.122114896774292,0.0,PIEC,corridor
sim_PIEC_001,19.93,2.3597466396273923,-3.1389791858376146,-1.3849015103273752,0.0004001605378570865,-0.0005058574333115412,1.618557712699329,2.1220085620880127,0.0,PIEC,corridor
sim_PIEC_001,19.979,2.3597466254252297,-3.138979027868419,-1.3849015103197302,0.001240888372798649,0.0007678325692890399,1.6185578287104212,2.1220085620880127,0.0,PIEC,corridor
sim_PIEC_001,20.029,2.3597466254252297,-3.138979027868419,-1.3849015103197302,0.0006738250503607076,-0.0010322531316098755,1.618557864876682,2.122053384780884,0.0,PIEC,corridor
sim_PIEC_001,20.079,2.3597466108500735,-3.1389788704766843,-1.384901510320226,0.0007232353996976681,0.00019210802400816037,1.6185579094618072,2.1219117641448975,0.0,PIEC,corridor
sim_PIEC_001,20.129,2.3597470603992905,-3.1389787145854475,-1.3849015103308273,0.0012088350015251508,0.0014123079742703163,1.6185581101426332,2.1219117641448975,0.0,PIEC,corridor
sim_PIEC_001,20.18,2.359746363104356,-3.138978849092016,-1.3849015103770763,0.00017013259159487617,-0.00033589175993159985,1.618558214450291,2.121878147125244,0.0,PIEC,corridor
sim_PIEC_001,20.229,2.359746424224892,-3.1389788391986952,-1.384901510372242,0.0009555615030387175,0.00032232996853754714,1.618558276286799,2.121878147125244,0.0,PIEC,corridor
sim_PIEC_001,20.279,2.3597464839990696,-3.1389788295301515,-1.3849015103721645,0.0007314947837890211,5.6414324704216164e-05,1.618558368610911,2.1221108436584473,0.0,PIEC,corridor
sim_PIEC_001,20.329,2.3597465438177836,-3.138978819863878,-1.3849015103720996,-0.00014899876463737952,0.0005924400606395849,1.618558434263812,2.1221108436584473,0.0,PIEC,corridor
sim_PIEC_001,20.379,2.3597465438177836,-3.138978819863878,-1.3849015103720996,0.0001414127755518416,0.0006474279252162117,1.6185584550394467,2.122365951538086,0.0,PIEC,corridor
